threshold,flagged_claims,tp,fp,fn,tn,accuracy,balanced_accuracy,precision,recall,f1,f2
0.2,3021,118,2903,6,973,0.27275,0.6013224474849362,0.039059913935782856,0.9516129032258065,0.07503974562798092,0.1677566107477964
0.3,2536,109,2427,15,1449,0.3895,0.6264356336762209,0.04298107255520505,0.8790322580645161,0.08195488721804511,0.17974934036939313
0.4,1985,92,1893,32,1983,0.51875,0.6267726954958555,0.04634760705289673,0.7419354838709677,0.08724513987671882,0.18540910923014914
0.5,1432,85,1347,39,2529,0.6535,0.6689803255767501,0.05935754189944134,0.6854838709677419,0.10925449871465295,0.2204356846473029
0.7,438,43,395,81,3481,0.881,0.6224325044109325,0.09817351598173515,0.3467741935483871,0.15302491103202848,0.23019271948608136
0.7791099981478357,203,27,176,97,3700,0.93175,0.5861671493724824,0.1330049261083744,0.21774193548387097,0.1651376146788991,0.19313304721030042
